{
  "bot_challenge": {
    "precision": 0.8,
    "recall": 1.0,
    "f1-score": 0.888888888888889,
    "support": 4,
    "confused_with": {}
  },
  "deny": {
    "precision": 1.0,
    "recall": 1.0,
    "f1-score": 1.0,
    "support": 7,
    "confused_with": {}
  },
  "goodbye": {
    "precision": 0.9166666666666666,
    "recall": 1.0,
    "f1-score": 0.9565217391304348,
    "support": 11,
    "confused_with": {}
  },
  "mood_great": {
    "precision": 0.875,
    "recall": 1.0,
    "f1-score": 0.9333333333333333,
    "support": 14,
    "confused_with": {}
  },
  "mood_unhappy": {
    "precision": 0.9333333333333333,
    "recall": 1.0,
    "f1-score": 0.9655172413793104,
    "support": 14,
    "confused_with": {}
  },
  "greet": {
    "precision": 0.9230769230769231,
    "recall": 0.9230769230769231,
    "f1-score": 0.9230769230769231,
    "support": 13,
    "confused_with": {
      "goodbye": 1
    }
  },
  "affirm": {
    "precision": 1.0,
    "recall": 1.0,
    "f1-score": 1.0,
    "support": 6,
    "confused_with": {}
  },
  "start_interview": {
    "precision": 0.0,
    "recall": 0.0,
    "f1-score": 0.0,
    "support": 5,
    "confused_with": {
      "mood_great": 2,
      "mood_unhappy": 1,
      "greet": 1
    }
  },
  "accuracy": 0.918918918918919,
  "macro avg": {
    "precision": 0.8060096153846155,
    "recall": 0.8653846153846154,
    "f1-score": 0.8334172657261113,
    "support": 74
  },
  "weighted avg": {
    "precision": 0.8594594594594593,
    "recall": 0.918918918918919,
    "f1-score": 0.8873135504319912,
    "support": 74
  }
}